searchAge,searchName
28,Timo%20Horn
31,Jonas%20Hector
25,Jannes-Kilian%20Horn
24,Salih%20Özcan
28,Kingsley%20Schindler
25,Timo%20Hübers
30,Mark%20Uth
26,Ellyes%20Skhiri
27,Ondrej%20Duda
30,Sebastian%20Andersson
24,Matthias%20Köbbing
26,Kingsley%20Ehizibue
24,Julian%20Chabot
29,Florian%20Kainz
27,Benno%20Schmitz
26,Marvin%20Schwäbe
25,Niklas%20Hauptmann
27,Louis%20Schaub
24,Dejan%20Ljubicic
33,Anthony%20Modeste
22,Luca%20Kilian
22,Tomáš%20Ostrák
19,Jan%20Thielmann
21,Mathias%20Olesen
20,Tim%20Lemperle
19,Bright%20Arrey-Mbi
20,Marvin%20Obuz
18,Jonas%20Urbig
31,Håvard%20Nordtveit
30,Kevin%20Vogt
26,Kevin%20Akpoguma
31,Oliver%20Baumann
29,Pavel%20Kadeřábek
30,Andrej%20Kramarić
27,Ihlas%20Bebou
32,Ermin%20Bičakčić
32,Sebastian%20Rudy
32,Benjamin%20Hübner
24,Stefan%20Posch
23,Dennis%20Geiger